<application>
  <component name="GitRememberedInputs">
    <option name="visitedUrls">
      <list>
        <UrlAndUserName>
          <option name="url" value="git@gitlab.dev002.local:fct/products/aa/mlfwmodels/powerconsumption/pc_perm.git" />
          <option name="userName" value="" />
        </UrlAndUserName>
        <UrlAndUserName>
          <option name="url" value="https://gitlab.dev002.local/fct/products/aa/mlfwmodels/powerconsumption/pc_perm.git" />
          <option name="userName" value="" />
        </UrlAndUserName>
        <UrlAndUserName>
          <option name="url" value="git@gitlab.dev002.local:fct/products/aa/mlfwmodels/powerconsumption/pc_bashkiria.git" />
          <option name="userName" value="" />
        </UrlAndUserName>
        <UrlAndUserName>
          <option name="url" value="git@gitlab.dev002.local:fct/products/aa/mlfwmodels/powerconsumption/common_power_consumption.git" />
          <option name="userName" value="" />
        </UrlAndUserName>
        <UrlAndUserName>
          <option name="url" value="git@gitlab.dev002.local:fct/products/aa/mlfwmodels/powerconsumption/pc_tumen.git" />
          <option name="userName" value="" />
        </UrlAndUserName>
        <UrlAndUserName>
          <option name="url" value="git@gitlab.dev002.local:fct/products/aa/mlfwmodels/powerconsumption/pc_nizhny_novgorod.git" />
          <option name="userName" value="" />
        </UrlAndUserName>
        <UrlAndUserName>
          <option name="url" value="git@gitlab.dev002.local:fct/products/aa/mlfwmodels/powerconsumption/pc_voronezh.git" />
          <option name="userName" value="" />
        </UrlAndUserName>
        <UrlAndUserName>
          <option name="url" value="git@gitlab.dev002.local:fct/products/aa/mlfwmodels/powerconsumption/pc_tomsk.git" />
          <option name="userName" value="" />
        </UrlAndUserName>
        <UrlAndUserName>
          <option name="url" value="git@gitlab.dev002.local:fct/products/aa/mlfwmodels/powerconsumption/pc_email_scripts.git" />
          <option name="userName" value="" />
        </UrlAndUserName>
      </list>
    </option>
    <option name="cloneParentDir" value="C:\Users\DataScientist\PycharmProjects\common_power_consumption" />
  </component>
  <component name="Vcs.Log.App.Settings">
    <option name="COLUMN_ORDER">
      <list>
        <option value="0" />
        <option value="1" />
        <option value="2" />
        <option value="3" />
      </list>
    </option>
  </component>
</application>