<keymap version="1" name="Windows copy" parent="$default">
  <action id="CloseAllEditors">
    <keyboard-shortcut first-keystroke="ctrl alt w" />
  </action>
  <action id="GotoDeclaration">
    <mouse-shortcut keystroke="control button1" />
    <mouse-shortcut keystroke="button2" />
  </action>
  <action id="QuickImplementations">
    <keyboard-shortcut first-keystroke="shift ctrl i" />
    <mouse-shortcut keystroke="control button3" />
  </action>
  <action id="Run">
    <keyboard-shortcut first-keystroke="shift f10" />
    <keyboard-shortcut first-keystroke="ctrl b" />
  </action>
</keymap>