<toolSet name="External Tools">
  <tool name="Pylint" description="Pylint as an external tool" showInMainMenu="false" showInEditor="false" showInProject="false" showInSearchPopup="false" disabled="false" useConsole="true" showConsoleOnStdOut="false" showConsoleOnStdErr="false" synchronizeAfterRun="true">
    <exec>
      <option name="COMMAND" value="C:\Users\DataScientist\Anaconda3\Scripts\pylint.exe" />
      <option name="PARAMETERS" value="$FileName$" />
      <option name="WORKING_DIRECTORY" value="$FileDir$" />
    </exec>
  </tool>
  <tool name="Pycodestyle" showInMainMenu="false" showInEditor="false" showInProject="false" showInSearchPopup="false" disabled="false" useConsole="true" showConsoleOnStdOut="false" showConsoleOnStdErr="false" synchronizeAfterRun="true">
    <exec>
      <option name="COMMAND" value="C:\Users\DataScientist\Anaconda3\Scripts\pycodestyle.exe" />
      <option name="PARAMETERS" value="$FileName$" />
      <option name="WORKING_DIRECTORY" value="$FileDir$" />
    </exec>
  </tool>
  <tool name="Pytest" showInMainMenu="false" showInEditor="false" showInProject="false" showInSearchPopup="false" disabled="false" useConsole="true" showConsoleOnStdOut="false" showConsoleOnStdErr="false" synchronizeAfterRun="true">
    <exec>
      <option name="COMMAND" value="C:\Users\DataScientist\Anaconda3\Scripts\pytest.exe" />
      <option name="PARAMETERS" value="$FileName$" />
      <option name="WORKING_DIRECTORY" value="$FileDir$" />
    </exec>
  </tool>
</toolSet>