<profile version="1.0">
  <option name="myName" value="Default" />
  <inspection_tool class="PyPackageRequirementsInspection" enabled="true" level="WARNING" enabled_by_default="true">
    <option name="ignoredPackages">
      <value>
        <list size="23">
          <item index="0" class="java.lang.String" itemvalue="tzlocal" />
          <item index="1" class="java.lang.String" itemvalue="alembic" />
          <item index="2" class="java.lang.String" itemvalue="six" />
          <item index="3" class="java.lang.String" itemvalue="Flask-Cors" />
          <item index="4" class="java.lang.String" itemvalue="Werkzeug" />
          <item index="5" class="java.lang.String" itemvalue="waitress" />
          <item index="6" class="java.lang.String" itemvalue="python-dateutil" />
          <item index="7" class="java.lang.String" itemvalue="SQLAlchemy" />
          <item index="8" class="java.lang.String" itemvalue="python-dotenv" />
          <item index="9" class="java.lang.String" itemvalue="Click" />
          <item index="10" class="java.lang.String" itemvalue="python-editor" />
          <item index="11" class="java.lang.String" itemvalue="Flask-SQLAlchemy" />
          <item index="12" class="java.lang.String" itemvalue="Jinja2" />
          <item index="13" class="java.lang.String" itemvalue="APScheduler" />
          <item index="14" class="java.lang.String" itemvalue="catboost" />
          <item index="15" class="java.lang.String" itemvalue="tensorflow" />
          <item index="16" class="java.lang.String" itemvalue="python-json-logger" />
          <item index="17" class="java.lang.String" itemvalue="pymssql" />
          <item index="18" class="java.lang.String" itemvalue="Flask-Migrate" />
          <item index="19" class="java.lang.String" itemvalue="pytz" />
          <item index="20" class="java.lang.String" itemvalue="Mako" />
          <item index="21" class="java.lang.String" itemvalue="deap" />
          <item index="22" class="java.lang.String" itemvalue="openpyxl" />
        </list>
      </value>
    </option>
  </inspection_tool>
  <inspection_tool class="PyUnresolvedReferencesInspection" enabled="true" level="WARNING" enabled_by_default="true">
    <option name="ignoredIdentifiers">
      <list>
        <option value="reports.src.factory_reports.main.factory_reports" />
        <option value="dataclasses.dataclass" />
        <option value="bs4.element.PageElement.find_all" />
        <option value="bs4.element.PageElement.text" />
        <option value="bs4.element.PageElement.get" />
      </list>
    </option>
  </inspection_tool>
</profile>